hour,avg_risk
0,0.17283705
1,0.16973558
2,0.16461112
3,0.16791163
4,0.17284043
5,0.16624741
6,0.16533454
7,0.17053182
8,0.17970279
9,0.17068145
10,0.16465376
11,0.17197143
12,0.17566794
13,0.17660299
14,0.17850094
15,0.16558127
16,0.16876994
17,0.17593116
18,0.17262065
19,0.17159037
20,0.17267744
21,0.17649782
22,0.17372495
23,0.19057658
